<?xml version="1.0" encoding="UTF-8"?>

<component name="RowListItem" extends="Group">
	<!-- importing main handler -->
    <script type="text/brightscript" uri="pkg:/components/RowListItem.brs" />

    <interface>
        <field id = "itemContent" type = "node" onChange = "showcontent"/>
        <field id = "focusPercent" type = "float" onChange = "showfocus"/> 
        <field id = "rowFocusPercent" type = "float" onChange = "showrowfocus"/>
    </interface>

    <children>
<Poster 
      id = "itemPoster" 
      translation = "[ 10, 10 ]" 
      width = "512" 
      height = "288" 
      scaleRotateCenter = "[ 256.0, 144.0 ]" >

      <Rectangle 
        id = "itemMask" 
        color = "0x000000FF" 
        opacity = "0.75" 
        width = "512" 
        height = "288" 
        scaleRotateCenter = "[ 256.0, 144.0 ]"/>

    </Poster>

    <Label 
      id = "itemLabel" 
      translation = "[ 20, 264 ]" 
      horizAlign = "right" 
      width = "492" 
      opacity = "0.0"/>
    </children>
</component>
